{
    "title": "Lowes Product",
    "type": "object",
    "properties": {
        "store_id": {
            "type": "string",
            "description": "Lowe's store ID"
        },
        "store_name": {
            "type": "string",
            "description": "Human-readable store name"
        },
        "zip_code": {
            "type": "string",
            "description": "ZIP code of the store"
        },
        "sku": {
            "type": "string",
            "description": "Product SKU/model number"
        },
        "title": {
            "type": "string",
            "description": "Product title/name"
        },
        "category": {
            "type": "string",
            "description": "Product category"
        },
        "product_url": {
            "type": "string",
            "description": "Direct URL to product page"
        },
        "image_url": {
            "type": "string",
            "description": "Product image URL"
        },
        "price": {
            "type": "number",
            "description": "Current price in USD"
        },
        "price_was": {
            "type": "number",
            "description": "Original price (if on sale)"
        },
        "pct_off": {
            "type": "number",
            "description": "Percentage discount (0-1)"
        },
        "availability": {
            "type": "string",
            "description": "Stock status (e.g., 'In Stock', 'Limited')"
        },
        "clearance": {
            "type": "boolean",
            "description": "Whether item is marked as clearance"
        },
        "timestamp": {
            "type": "string",
            "description": "ISO 8601 timestamp of scrape"
        }
    }
}